ranking,nome_hotel,nota,titulo,texto,data,ano
3,Hotel Refugio da Montanha,5,Super recomendo,Experi√™ncia perfeita em gramado. Excelente atendimento desde a recep√ß√£o at√© o caf√© da manh√£. V√°rias cortesias inclusas. √ìtima localiza√ß√£o. Caf√© da manh√£ super completo. Quarto su√≠te simples praticamente um quarto de luxo. Chuveiro √≥timo. Tudo do bom,Hoje,Hoje
3,Hotel Refugio da Montanha,5,Felicidade e aconchego. Amei,"Hotel maravilhoso, decora√ß√£o linda, funcion√°rios excelentes, sem exce√ß√£o. Caf√© da manh√£ muito bom.Acomoda√ß√£o tamb√©m maravilhosa, tudo funcionando bem.Boa localiza√ß√£o.Ambientes aconchegantes, limpos. Bom astral dos funcion√°rios.",Hoje,Hoje
3,Hotel Refugio da Montanha,5,Experi√™ncia muito boa.,"Equipe realmente muito atenciosa, desde a recep√ß√£o, quanto caf√© da manh√£ e bar.. Hotel oferece cortesias, ch√° da tarde, espumantes, m√∫sica ao vivo no final de tarde. Localiza√ß√£o boa, n√£o t√£o no centro mas da pra ir a p√© para a cidade. Gostei bastante.",Hoje,Hoje
3,Hotel Refugio da Montanha,5,"Hotel perfeito, atendimento de toda equipe incr√≠vel! Um dos melhores hot√©is que me hospedei na vida!","Hotel simplesmente incr√≠vel, lindo, aconchegante, Fomos bem recepcionados do in√≠cio ao fim, chegamos com caf√© da tarde ( que era servido todos os dias e inclu√≠do) todos ganhamos cortesia de massagem relaxante nos p√©s, e foi maravilhosa, em uma sala super relaxante, todas as noites ganh√°vamos mimos, docinhos nos quartos, a equipe inteira do hotel de uma educa√ß√£o e simpatia sem igual! Caf√© da manh√£ delicioso, brinquedoteca, e quando fomos embora ainda ganhamos kits de boa viagem com frutinhas e √°gua para a viagem de gramado at√© Porto Alegre!",12 de jul.,jul.
3,Hotel Refugio da Montanha,5,Excelente!,"Hotel lindo, limp√≠ssimo e todos os funcion√°rios muito eficazes, simp√°ticos e cordiais! Jr, Ruan, Marcos, Carlos, Leo‚Ä¶.infelizmente n√£o lembro o nome de todos mas fica nossa gratid√£o por tanto respeito e carinho com nossa fam√≠lia!",9 de jul.,jul.
3,Hotel Refugio da Montanha,3,"Atendimento √≥timo, por√©m com alguns percal√ßos !","Hotel novo, lindo, estrutura impec√°vel, funcion√°rios super atenciosos.  Mas quanto a minha hospedagem no  Hotel Ref√∫gio da Montanha ‚Ä¶  Paguei um valor alto na hospedagem, que com certeza pagaria qualquer outra viagem internacional, mas paguei, pelo fato de que seria muito bem atendida.  Apesar dos esquecimentos de reposi√ß√£o de sabonetes, shampoos e toalhas de banho‚Ä¶ Na noite do dia 27/06/22, √†s 21:00hrs cansados de um dia de passeio, qdo fui pedir o jantar para tr√™s pessoas, recebi a not√≠cia da recep√ß√£o de que n√£o tinha ningu√©m na cozinha para preparar devido a uma confraterniza√ß√£o deles fora do Hotel. Ficamos extremamente chateados e com fome, afinal eu nunca ia imaginar isso.  Ou o certo, seria que o Hotel Ref√∫gio da Montanha, se programasse e n√£o deixasse o h√≥spede",7 de jul.,jul.
3,Hotel Refugio da Montanha,5,Hotel maravilhoso!,"Lugar incr√≠vel e atendimento excelente! Nossa estadia foi √≥tima. Profissionais muito atenciosos, caf√© da tarde e da manh√£ maravilhosos! Parab√©ns e continuem assim! Recomendamos muito e esperamos voltar!",3 de jul.,jul.
3,Hotel Refugio da Montanha,5,estadia,"Estadia maravilhosa, capricham em todos os detalhes. Desde a recep√ß√£o, at√© a sa√≠da‚Ä¶ O caf√© da manh√£ √© divino, bastante op√ß√µes e delicioso. Tem dispenser de √°gua quente para os h√≥spedes, a vontade. √ìtimo para ch√°s  e mates . Eu que tomo muito ch√°, foi perfeito  Meu pet foi super mimado, eles disponibilizam cama, tapete higi√™nico , comedouro e ele ainda ganhou biscoitos de petisco   üòç",2 de jul.,jul.
3,Hotel Refugio da Montanha,5,Maravilhosa estadia em Gramado-RS,"Hotel muito aconchegante e confort√°vel com uma equipe extremamente atenciosa e prestativa. Minha esposa e eu adoramos tudo!  Delicioso e bastante completo caf√© da manh√£; quarto excelente com √≥tima cama, calefa√ß√£o, ar condicionado e banheiro com uma ducha relaxante. Tudo muito limpo e com aten√ß√£o aos m√≠nimos detalhes! S√≥ temos elogios ao hotel e a todos funcion√°rios! Nossa estadia foi perfeita e pretendemos voltar muito em breve! ",jun. de 2022,2022
3,Hotel Refugio da Montanha,5,Final de semana do casamento.,"Tudo 100% desde a reserva at√© a nossa sa√≠da, tudo impec√°vel e o atendimento de todos foi perfeito. Comida, caf√©, caf√© e limpeza nota 10. Nos sentimos muito amados por todos, foi o final de semana do nosso casamento, e com toda certeza o hotel Refugio da Montanha faz parte do nosso conto de fadas do dia mais importante das nossas vidas. Obrigado toda equipe. Voltaremos em breve.",jun. de 2022,2022
3,Hotel Refugio da Montanha,5,Excelente e aconchegante !,"Perfeito !  Tratamento personalizado , cordialidade , boa vontade dos colaboradores num ambiente muito acolhedor , quarto grande com aquecedor chuveiro quente e forte ,caf√© da manh√£ bem diversificado e com in√∫meros ‚Äú mimos ‚Äú desde a chegada . Espumante , massagem , mensagens positivas acompanhadas de docinhos, biscoitinhos ‚Ä¶muito agrad√°vel ! Ah sem esquecer do delicioso ch√° da tarde cortesia todos os dias com uma torre de doces e salgados ! Quando pensei que tinha acabado ainda recebi um kit viagem desejando um bom retorno  Estacionamento gr√°tis no hotel . Adoramos e recomendamos !!!",jun. de 2022,2022
3,Hotel Refugio da Montanha,5,Melhor Anivers√°rio Ref√∫gio da Montanha,"Perfeita. Ser√° minha nova tradi√ß√£o de anivers√°rio, j√° √© a 2¬∞ vez que nos hospedamos e toda estadia e atendimento foram impec√°vel. Recomendo, voltarei com certeza, n√£o existe visita a gramado sem se hospedar no Hotel Ref√∫gio da Montanha. Em especial o recepcionista Marcelo que nos recebeu com todos o carinho e aten√ß√£o, obrigada Marcelo! Algumas fotos para ajudar, pois levo muito em considera√ß√£o as avalia√ß√µes antes de me hospedar para n√£o ter erro.  No Hotel Ref√∫gio da Montanha voc√™ ser√° mimada com o melhor caf√© da manh√£, ch√° da tarde, recebida com brinde de espumante, m√∫sicas ao vivo nos finais de semana, avisos da temperatura para o dia seguinte, brindes na sa√≠da e ainda s√£o amigos do PET ‚ù§Ô∏èüê∂.",jun. de 2022,2022
3,Hotel Refugio da Montanha,5,Excelente escolha para descansar em Gramado,"Excelente op√ß√£o de estadia em Gramado!  Quarto silencioso, com √≥timo sistema de isolamento e black out, camas bastante confort√°veis e chuveiro excelente. Limpeza muito bem feita! Localiza√ß√£o tamb√©m nuito boa, uma pequena caminhada ( 15 min) e estaremos pr√≥ximos do centro e algumas atra√ß√µes principais da cidade. Atendimento extremamente cordial, em especial, pessoal da recep√ß√£o, muito prestativos e acolhedores al√©m de honestos,  esquecemos a carteira na recep√ß√£o que foi prontamente devolvida . Uma pequena ressalva para alguns pratos da cozinha ( Caldo verde- n√£o recomendo, Lanches vieram 2 vezes com p√£o endurecido..))  Mas recomendo Hotel! √ìtima escolha.",jun. de 2022,2022
3,Hotel Refugio da Montanha,5,Excelente qualidade,"Excelente qualidade, muito receptivos, sol√≠citos, cidade encantadora.  O mimo de cada dia(um bombom, biscoitinho) com uma frase motivacional e a temperatura do dia seguinte fizeram a diferen√ßa na estadia, muito obrigada pelo cuidado!  Amamos o ch√° da tarde tamb√©m, muito farto e gostoso.  Indicamos muito e voltaremos, com certeza!   Agradecemos tamb√©m o kit de boa viagem, muito cuidadosos e caprichosos! :)   Sugest√£o: Ter uma sinaliza√ß√£o mais vis√≠vel das escadas e a garrafa de √°gua do quarto n√£o ser apenas de abridor, pois nem sempre √© pr√°tico.",jun. de 2022,2022
3,Hotel Refugio da Montanha,5,Muito bom,Excelente atendimento. Profissionais comprometidos que proporcionaram momentos muito agrad√°veis. Caf√© da manh√£ maravilhoso e ch√° da tarde surpreendentes. Quartos e bistr√¥ tudo nota dez!! Parab√©ns!! Pretendemos retornar.,jun. de 2022,2022
3,Hotel Refugio da Montanha,5,Excelente,"Atendimento excepcional, proporciona caf√© da manh√£ e ch√° da tarde completos, al√©m de bistr√¥ onde durante nossa estadia ofereceu m√∫sica ao vivo. O hotel possui uma infraestrutura maravilhosa e boa localiza√ß√£o.",jun. de 2022,2022
3,Hotel Refugio da Montanha,3,O hotel √© bom mas pelo pre√ßo eu esperava mais,"Eu havia comprado na 123milhas a su√≠te com hidromassagem, por√©m por erro do site, cancelamento em cima da data, tive que reservar a Grand su√≠te que √© o quarto mais caro do hotel... o quarto √© realmente bem bonito, mas a banheira, √© menor do que da su√≠te com hidro, mal cabem 2 pessoas, pelo pre√ßo deveriam investir nisso! Al√©m disso, a banheira estava bem suja, quando ligamos saiam bolos de cabelo e fios, foi bem nojento, mas o hotel acabou nos ofertando 1 espumante pelo erro. No outro dia, esqueceram do nosso kit boa noite (eles ofertam esse brinde aos h√≥spedes). S√£o detalhes pequenos mas que fazem a diferen√ßa... os atendentes foram nota 10! Sempre muito gentis, brincalh√µes... tanto no caf√©, quanto na recep√ß√£o. Pelo valor, h√° outros com mais estrutura (como piscina, saunas) e",jun. de 2022,2022
3,Hotel Refugio da Montanha,5,Perfeito,"Fomos muito bem recepcionados desde a chegada at√© a acomoda√ß√£o pelo funcion√°rio Daniel, que nos passou diversas informa√ß√µes sobre o hotel e gastronomia, al√©m de nos servir um delicioso espumante. Quarto extremamente confort√°vel, quentinho, limpo, com roupas de cama de qualidade, sa√≠mos e quando voltamos haviam nos deixado alguns mimos. Na sa√≠da, ganhamos um kit de viagem composto por duas ma√ß√£s e duas √°guas, achei sensacional o tratamento com o cliente. Enfim, n√≥s amamos a estadia (apesar de termos ficado apenas 1 dia). Recomendo! E obrigada Daniel!",jun. de 2022,2022
3,Hotel Refugio da Montanha,5,Anivers√°rio de casamento,"Excelente!!! Superou as nossas expectativas.  Tudo  perfeito,  esmero  de todos  em agradar, indico  e recomendo.  Os mimos deixados no quarto,  os gar√ßons,  a recep√ß√£o,  tudo  perfeito.  Tivemos  a oportunidade  de nos hospedarmos no Dia dos Namorados,  amamos  todos  os mimos.",jun. de 2022,2022
3,Hotel Refugio da Montanha,5,TUDO PERFEITO!,"Cafe da manha, da tarde, janta, quarto,‚Ä¶ tudo excelente! N√£o deu vontade de sair do Hotel. Atendimento impec√°vel, o Daniel, Jeferson, Carlos,‚Ä¶ todos atenderam muito bem. O capricho nos detalhes, o carinho e cuidado com tudo fez do nosso dia dos namorados algo especial e inesquec√≠vel. Estamos muito gratos, voltaremos e recomendamos a todos que venham. O custo/benef√≠cio compensa muito. At√© breve.",jun. de 2022,2022
3,Hotel Refugio da Montanha,5,Perfeito!,"Lugar perfeito, vista incr√≠vel, caf√© da manh√£ maravilhoso e atendimento excelente. S√≥ elogios pra esse lugar que al√©m de tudo √© lindo e nos proporcionou momentos √∫nicos. Fizemos um passeio de bicicleta tamb√©m, nas proximidades, pois o hotel fica muito bem localizado. Experi√™ncia nota mil!",jun. de 2022,2022
3,Hotel Refugio da Montanha,5,Maravilhosa ,"Excelente hotel, localiza√ß√£o √≥tima, funcion√°rios receptivos, atenciosos  e educados,  caf√© da manh√£ excelente com muita qualidade e variedades, os quantos bem limpo, cama confort√°vel, na sa√≠da com do hotel com direito a √°gua e lanche para viagem de volta para casa, nota 10 ",jun. de 2022,2022
3,Hotel Refugio da Montanha,5,Cuidado nos m√≠nimos detalhes!!  N√£o poderia ter escolhido hotel melhor!!,"Hotel aconchegante, atendimento excepcional, chegamos de madrugada e fomos surpreendidos com champanhe de boas vindas e na sa√≠da um cuidado especial com um kit boa viagem.  Acomoda√ß√£o impec√°vel, cuidando dos m√≠nimos detalhes. Muito bem localizado!!",mai. de 2022,2022
3,Hotel Refugio da Montanha,5,√ìtimo!,"Fomos muito bem acolhidos, excelente atendimento e infraestrutura do hotel! Nota dez em tudo!!! √ìtima cidade, muitas op√ß√µes de restaurante e passeios.  Com certeza, iremos voltar em outra oportunidade!",mai. de 2022,2022
3,Hotel Refugio da Montanha,5,Vale cada momento,"Simplesmente, acolhedor, familiar e perfeito. Me senti em casa completamente , contudo com todos os requintes e facilidades do ambiente hoteleiro.  Equipe de funcion√°rios de excel√™ncia. O caf√© da manh√£ e o ch√° da tarde eram um passeio de sabores e guloseimas que ENCHIAM OS OLHOS e que s√£o realmente divinos. Dignos de serem devidos em casamentos. Parab√©ns.",mai. de 2022,2022
